username,email,,number,,,password
vakil,"vakil@gmail,com",,800359988,,,1234466
aarif,aarif@gmail.com,,80035995,,,12345
asda,2342@fgmao,,2342342,,,23423
o3u4o,sdfjsdnfk@gmail.com,,234234,,,32423
joya,khan2gmail.com,,1345678,,,8765544
khan,khan@13456,,1234,,,876654332
sksd,dhkskgmail.com,,34312,,,2356767
dkajjk,ssssss@gmail.com,,234566778,,,12345
shabaj,shabaj@123,,23455,,,54331
nadeem,nadeem@133,,33434,,,3423424
ccvv,cvdss,,123,,,4456456
ccvvvv,om,,233,,,32121
df,vxz,,3131,,,21213
fff,fff,,22,,,2223
